item_id,asset_type,year_month,score_ch1,score_ch2,score_ch3,score_ch4,score_ch5
sneakers_jordan1,sneakers,2022-01,59.8,0.466667,0.025836,-1.3249,0.030633
sneakers_jordan1,sneakers,2022-02,67.8,0.711111,0.069635,0.4596,0.063721
sneakers_jordan1,sneakers,2022-03,46.5,0.322222,0.008278,-1.8877,0.067406
sneakers_jordan1,sneakers,2022-04,40.0,0.111111,0.012552,-2.0114,0.017754
sneakers_jordan1,sneakers,2022-05,27.2,0.388889,0.019327,-1.7916,0.045563
sneakers_jordan1,sneakers,2022-06,22.8,0.222222,-0.005303,-1.06,0.029633
sneakers_jordan1,sneakers,2022-07,24.0,0.822222,-0.001683,-1.6931,0.050467
sneakers_jordan1,sneakers,2022-08,25.5,0.322222,0.004093,-0.5566,0.046695
sneakers_jordan1,sneakers,2022-09,21.0,0.0,0.0,-1.7239,0.042458
sneakers_jordan1,sneakers,2022-10,23.4,0.211111,0.001384,0.6116,0.042438
sneakers_jordan1,sneakers,2022-11,33.5,0.222222,0.000414,-0.3119,0.069575
sneakers_jordan1,sneakers,2022-12,39.8,0.533333,0.012715,-1.2579,0.065809
sneakers_jordan1,sneakers,2023-01,29.6,0.144444,0.008112,-1.7008,-0.013797
sneakers_jordan1,sneakers,2023-02,19.8,0.0,0.0,0.4161,0.016782
sneakers_jordan1,sneakers,2023-03,15.2,0.0,0.0,-0.2413,0.025878
sneakers_jordan1,sneakers,2023-04,18.0,0.222222,0.010687,1.8219,0.006883
sneakers_jordan1,sneakers,2023-05,14.2,0.0,0.0,0.702,0.049209
sneakers_jordan1,sneakers,2023-06,13.8,0.0,0.0,1.1146,0.005166
sneakers_jordan1,sneakers,2023-07,14.2,0.211111,0.005492,1.6595,0.052344
sneakers_jordan1,sneakers,2023-08,12.5,0.0,0.0,1.1926,0.030578
sneakers_jordan1,sneakers,2023-09,10.8,0.0,0.0,-0.0038,0.005167
sneakers_jordan1,sneakers,2023-10,10.4,0.0,0.0,0.5342,-0.014612
sneakers_jordan1,sneakers,2023-11,12.0,0.0,0.0,0.8534,0.02824
sneakers_jordan1,sneakers,2023-12,11.2,0.0,0.0,0.0366,-0.061502
sneakers_jordan1,sneakers,2024-01,9.5,0.0,0.0,0.2135,0.013912
sneakers_jordan1,sneakers,2024-02,9.2,0.0,0.0,-0.9307,0.020096
sneakers_jordan1,sneakers,2024-03,7.6,0.0,0.0,0.0943,0.000674
sneakers_jordan1,sneakers,2024-04,6.5,0.0,0.0,-0.2612,0.016193
sneakers_jordan1,sneakers,2024-05,6.0,1.0,-0.004093,0.8973,0.008638
sneakers_jordan1,sneakers,2024-06,4.8,0.0,0.0,-0.5797,0.107355
sneakers_jordan1,sneakers,2024-07,4.2,0.0,0.0,0.1953,0.036982
sneakers_jordan1,sneakers,2024-08,7.5,0.0,0.0,0.8651,-0.025351
sneakers_jordan1,sneakers,2024-09,5.8,0.0,0.0,-0.7543,-0.05068
sneakers_jordan1,sneakers,2024-10,5.0,0.0,0.0,-0.7732,0.041459
sneakers_jordan1,sneakers,2024-11,6.2,0.0,0.0,0.4946,0.012262
sneakers_jordan1,sneakers,2024-12,4.4,0.0,0.0,1.649,-0.051294
sneakers_jordan1,sneakers,2025-01,6.0,0.0,0.0,-0.1671,-0.050653
sneakers_jordan1,sneakers,2025-02,1.5,0.0,0.0,0.5166,0.029655
sneakers_jordan1,sneakers,2025-03,3.0,0.0,0.0,0.1668,0.021705
sneakers_jordan1,sneakers,2025-04,1.2,0.0,0.0,0.1587,0.074203
sneakers_jordan1,sneakers,2025-05,4.2,0.0,0.0,0.689,-0.122528
sneakers_jordan1,sneakers,2025-06,3.0,0.0,0.0,1.207,-0.023264
sneakers_jordan1,sneakers,2025-07,2.8,0.222222,0.00838,0.8566,0.000271
sneakers_jordan1,sneakers,2025-08,8.2,0.0,0.0,0.8776,-0.009687
sneakers_jordan1,sneakers,2025-09,6.8,0.188889,-0.00303,0.0141,-0.005193
sneakers_jordan1,sneakers,2025-10,7.0,0.0,0.0,1.0513,-0.014941
sneakers_jordan1,sneakers,2025-11,7.8,0.0,0.0,-0.6747,0.052436
sneakers_jordan1,sneakers,2025-12,4.0,0.0,0.0,0.3572,0.020844
sneakers_panda,sneakers,2022-01,31.4,0.0,0.0,-0.4159,0.049489
sneakers_panda,sneakers,2022-02,31.8,0.0,0.0,-1.4144,0.054308
sneakers_panda,sneakers,2022-03,38.0,0.0,0.0,-1.2593,0.045297
sneakers_panda,sneakers,2022-04,47.5,0.0,0.0,-1.419,0.023285
sneakers_panda,sneakers,2022-05,44.6,0.0,0.0,-0.3644,0.013165
sneakers_panda,sneakers,2022-06,44.2,0.0,0.0,-0.9079,0.005259
sneakers_panda,sneakers,2022-07,59.0,0.5,0.005487,-1.1869,-0.026863
sneakers_panda,sneakers,2022-08,71.8,0.0,0.0,-0.2241,0.027866
sneakers_panda,sneakers,2022-09,66.5,0.0,0.0,-1.7186,0.013087
sneakers_panda,sneakers,2022-10,65.2,0.0,0.0,-2.6149,-0.012755
sneakers_panda,sneakers,2022-11,77.5,0.0,0.0,0.3765,0.029491
sneakers_panda,sneakers,2022-12,91.8,1.0,-0.002488,-0.2043,-0.018194
sneakers_panda,sneakers,2023-01,81.8,0.0,0.0,-0.7992,-0.015747
sneakers_panda,sneakers,2023-02,76.2,0.0,0.0,-0.9919,0.015895
sneakers_panda,sneakers,2023-03,79.8,0.0,0.0,0.3193,0.023841
sneakers_panda,sneakers,2023-04,80.8,0.0,0.0,-1.4135,0.027435
sneakers_panda,sneakers,2023-05,70.8,0.0,0.0,0.0499,0.058829
sneakers_panda,sneakers,2023-06,65.0,0.0,0.0,-1.3461,-0.008213
sneakers_panda,sneakers,2023-07,74.0,0.0,0.0,-0.3432,0.012587
sneakers_panda,sneakers,2023-08,75.5,0.0,0.0,-0.1281,0.020204
sneakers_panda,sneakers,2023-09,63.8,0.0,0.0,0.014,0.00741
sneakers_panda,sneakers,2023-10,56.2,0.0,0.0,-0.0688,0.048111
sneakers_panda,sneakers,2023-11,63.8,0.0,0.0,1.8554,-0.00049
sneakers_panda,sneakers,2023-12,63.4,0.0,0.0,-0.2419,0.031018
sneakers_panda,sneakers,2024-01,38.0,0.0,0.0,1.2236,-0.006457
sneakers_panda,sneakers,2024-02,33.8,0.0,0.0,1.1606,0.00861
sneakers_panda,sneakers,2024-03,34.0,0.833333,0.000219,-0.1977,0.004142
sneakers_panda,sneakers,2024-04,29.2,0.0,0.0,1.1512,
sneakers_panda,sneakers,2024-05,24.5,0.0,0.0,0.3164,0.028692
sneakers_panda,sneakers,2024-06,22.2,0.0,0.0,1.1682,-0.014122
sneakers_panda,sneakers,2024-07,21.5,0.0,0.0,1.2299,0.020808
sneakers_panda,sneakers,2024-08,22.8,0.0,0.0,0.5709,-0.018855
sneakers_panda,sneakers,2024-09,19.2,0.0,0.0,0.9327,-0.03409
sneakers_panda,sneakers,2024-10,16.8,0.0,0.0,-0.2968,0.023467
sneakers_panda,sneakers,2024-11,21.2,0.0,0.0,1.2888,-5e-06
sneakers_panda,sneakers,2024-12,22.0,0.0,0.0,0.4247,-0.032352
sneakers_panda,sneakers,2025-01,15.0,0.0,0.0,0.3286,-0.005911
sneakers_panda,sneakers,2025-02,13.5,0.0,0.0,0.7098,0.012602
sneakers_panda,sneakers,2025-03,14.4,0.0,0.0,1.4807,0.031074
sneakers_panda,sneakers,2025-04,13.8,0.0,0.0,0.8941,0.024086
sneakers_panda,sneakers,2025-05,13.0,0.0,0.0,1.0245,-0.013373
sneakers_panda,sneakers,2025-06,11.8,0.0,0.0,0.5338,0.003719
sneakers_panda,sneakers,2025-07,13.5,0.0,0.0,0.6653,-0.013251
sneakers_panda,sneakers,2025-08,16.8,0.0,0.0,0.4792,0.028302
sneakers_panda,sneakers,2025-09,12.0,0.0,0.0,0.4778,0.02438
sneakers_panda,sneakers,2025-10,11.2,0.0,0.0,-0.3858,-0.038506
sneakers_panda,sneakers,2025-11,13.6,0.0,0.0,-1.797,0.005459
sneakers_panda,sneakers,2025-12,12.8,0.0,0.0,1.0636,0.058281
sneakers_yeezy,sneakers,2022-01,22.2,0.0,0.0,0.2684,0.046226
sneakers_yeezy,sneakers,2022-02,23.5,0.0,0.0,0.9348,0.078101
sneakers_yeezy,sneakers,2022-03,27.5,0.0,0.0,0.8584,0.040224
sneakers_yeezy,sneakers,2022-04,58.0,0.0,0.0,0.843,0.047921
sneakers_yeezy,sneakers,2022-05,32.2,0.0,0.0,0.2899,0.027802
sneakers_yeezy,sneakers,2022-06,30.2,0.0,0.0,1.0372,0.012914
sneakers_yeezy,sneakers,2022-07,26.8,0.0,0.0,0.4769,-0.01624
sneakers_yeezy,sneakers,2022-08,27.8,0.0,0.0,0.8512,0.004376
sneakers_yeezy,sneakers,2022-09,26.5,0.0,0.0,0.7574,0.050999
sneakers_yeezy,sneakers,2022-10,25.6,1.0,-0.001263,0.4472,-0.048294
sneakers_yeezy,sneakers,2022-11,23.0,0.0,0.0,0.8669,-0.000332
sneakers_yeezy,sneakers,2022-12,22.2,0.0,0.0,0.4428,-0.037352
sneakers_yeezy,sneakers,2023-01,20.0,0.0,0.0,0.2524,-0.000497
sneakers_yeezy,sneakers,2023-02,17.5,0.0,0.0,0.135,-0.050067
sneakers_yeezy,sneakers,2023-03,16.8,0.0,0.0,0.337,-0.023201
sneakers_yeezy,sneakers,2023-04,19.2,0.0,0.0,0.6052,0.035201
sneakers_yeezy,sneakers,2023-05,36.0,0.0,0.0,0.6369,0.045411
sneakers_yeezy,sneakers,2023-06,26.8,0.0,0.0,0.6757,0.039494
sneakers_yeezy,sneakers,2023-07,19.8,0.0,0.0,0.5812,0.006553
sneakers_yeezy,sneakers,2023-08,21.8,0.0,0.0,0.7064,0.010547
sneakers_yeezy,sneakers,2023-09,17.5,0.0,0.0,-0.0051,0.083032
sneakers_yeezy,sneakers,2023-10,14.8,0.0,0.0,0.8689,-0.00233
sneakers_yeezy,sneakers,2023-11,15.8,0.0,0.0,-1.1004,0.163893
sneakers_yeezy,sneakers,2023-12,15.0,0.0,0.0,-1.2305,0.078232
sneakers_yeezy,sneakers,2024-01,14.2,0.0,0.0,-0.2407,-0.003936
sneakers_yeezy,sneakers,2024-02,14.5,0.0,0.0,-0.1203,-0.101059
sneakers_yeezy,sneakers,2024-03,14.4,0.0,0.0,-0.5028,0.126231
sneakers_yeezy,sneakers,2024-04,13.0,0.0,0.0,-2.4569,
sneakers_yeezy,sneakers,2024-05,14.8,0.0,0.0,1.2492,-0.044831
sneakers_yeezy,sneakers,2024-06,17.6,0.0,0.0,0.228,0.019647
sneakers_yeezy,sneakers,2024-07,12.5,0.0,0.0,-0.3337,-0.014229
sneakers_yeezy,sneakers,2024-08,14.0,0.0,0.0,0.4453,0.075347
sneakers_yeezy,sneakers,2024-09,10.4,0.0,0.0,0.579,-0.054559
sneakers_yeezy,sneakers,2024-10,9.2,0.0,0.0,-2.4569,
sneakers_yeezy,sneakers,2024-11,9.5,0.0,0.0,-2.4569,
sneakers_yeezy,sneakers,2024-12,11.2,0.0,0.0,-0.8741,
sneakers_yeezy,sneakers,2025-01,9.0,0.0,0.0,0.288,0.005428
sneakers_yeezy,sneakers,2025-02,8.2,0.0,0.0,0.2875,
sneakers_yeezy,sneakers,2025-03,8.8,0.0,0.0,0.0704,-0.138572
sneakers_yeezy,sneakers,2025-04,9.2,0.0,0.0,0.5122,-0.024943
sneakers_yeezy,sneakers,2025-05,7.8,0.0,0.0,-2.4569,
sneakers_yeezy,sneakers,2025-06,7.4,0.0,0.0,-0.1763,0.063544
sneakers_yeezy,sneakers,2025-07,8.5,0.0,0.0,0.6397,0.068843
sneakers_yeezy,sneakers,2025-08,8.0,0.0,0.0,-0.3517,0.03408
sneakers_yeezy,sneakers,2025-09,7.0,0.0,0.0,0.1284,-0.084529
sneakers_yeezy,sneakers,2025-10,6.0,0.0,0.0,0.8223,0.001274
sneakers_yeezy,sneakers,2025-11,6.6,0.0,0.0,-2.4569,
sneakers_yeezy,sneakers,2025-12,5.8,0.0,0.0,-0.9027,-0.436785
sneakers_travis,sneakers,2022-01,18.6,0.0,0.0,-0.7155,0.015391
sneakers_travis,sneakers,2022-02,18.0,0.0,0.0,-0.8853,-0.031372
sneakers_travis,sneakers,2022-03,19.2,0.0,0.0,0.3054,-0.001912
sneakers_travis,sneakers,2022-04,21.0,0.0,0.0,-0.3654,-0.04074
sneakers_travis,sneakers,2022-05,20.4,0.0,0.0,0.3108,-0.022403
sneakers_travis,sneakers,2022-06,21.5,0.285714,0.002528,1.2712,-0.016165
sneakers_travis,sneakers,2022-07,45.0,0.0,0.0,0.4492,0.022787
sneakers_travis,sneakers,2022-08,29.0,0.0,0.0,-0.0126,-0.001836
sneakers_travis,sneakers,2022-09,29.2,0.0,0.0,-1.3588,-0.012197
sneakers_travis,sneakers,2022-10,27.4,0.0,0.0,-0.4726,-0.025876
sneakers_travis,sneakers,2022-11,27.5,0.371429,0.001408,-1.4074,-0.047742
sneakers_travis,sneakers,2022-12,53.2,0.285714,0.002507,-1.4288,0.025393
sneakers_travis,sneakers,2023-01,32.2,0.742857,-0.000354,-1.9903,-0.047435
sneakers_travis,sneakers,2023-02,28.2,0.0,0.0,-1.1737,-0.031069
sneakers_travis,sneakers,2023-03,28.5,0.0,0.0,-0.1706,-0.036193
sneakers_travis,sneakers,2023-04,42.2,0.0,0.0,0.0719,-0.027251
sneakers_travis,sneakers,2023-05,27.2,0.0,0.0,0.3713,0.037141
sneakers_travis,sneakers,2023-06,25.8,0.0,0.0,-0.3415,-0.03571
sneakers_travis,sneakers,2023-07,29.0,0.0,0.0,1.2991,-0.061602
sneakers_travis,sneakers,2023-08,27.5,0.0,0.0,-0.742,0.005563
sneakers_travis,sneakers,2023-09,27.8,0.0,0.0,-0.9275,-0.037765
sneakers_travis,sneakers,2023-10,32.8,0.0,0.0,0.4527,0.012125
sneakers_travis,sneakers,2023-11,25.5,0.0,0.0,-0.1241,-0.015751
sneakers_travis,sneakers,2023-12,28.2,0.0,0.0,0.8443,-0.032861
sneakers_travis,sneakers,2024-01,25.5,0.0,0.0,-0.0797,-0.068578
sneakers_travis,sneakers,2024-02,22.5,0.0,0.0,0.0558,-0.015376
sneakers_travis,sneakers,2024-03,21.6,0.0,0.0,0.2211,-0.074785
sneakers_travis,sneakers,2024-04,21.8,0.0,0.0,0.6099,-0.020095
sneakers_travis,sneakers,2024-05,26.2,0.542857,0.005907,0.7052,-0.051872
sneakers_travis,sneakers,2024-06,19.4,0.0,0.0,0.4836,-0.056243
sneakers_travis,sneakers,2024-07,18.2,0.0,0.0,0.6396,-0.068307
sneakers_travis,sneakers,2024-08,20.5,0.0,0.0,-0.7458,-0.003828
sneakers_travis,sneakers,2024-09,33.6,0.0,0.0,-0.3103,-0.049707
sneakers_travis,sneakers,2024-10,20.8,0.0,0.0,0.6178,-0.004592
sneakers_travis,sneakers,2024-11,21.5,0.0,0.0,0.9582,-0.033454
sneakers_travis,sneakers,2024-12,30.6,0.0,0.0,-0.1882,-0.0382
sneakers_travis,sneakers,2025-01,21.2,0.0,0.0,0.7703,-0.04776
sneakers_travis,sneakers,2025-02,17.2,0.0,0.0,1.0563,-0.020233
sneakers_travis,sneakers,2025-03,16.4,0.542857,0.011376,1.1389,-0.016622
sneakers_travis,sneakers,2025-04,16.0,0.0,0.0,1.6999,-0.005803
sneakers_travis,sneakers,2025-05,14.2,0.0,0.0,-1.2529,-0.057937
sneakers_travis,sneakers,2025-06,12.4,0.0,0.0,0.489,-0.00391
sneakers_travis,sneakers,2025-07,13.0,0.0,0.0,1.1542,-0.075227
sneakers_travis,sneakers,2025-08,16.4,0.0,0.0,0.8514,0.015961
sneakers_travis,sneakers,2025-09,18.0,0.0,0.0,0.865,-0.054731
sneakers_travis,sneakers,2025-10,11.8,0.0,0.0,1.6819,0.003566
sneakers_travis,sneakers,2025-11,22.0,0.0,0.0,-1.6482,-0.007384
sneakers_travis,sneakers,2025-12,12.5,1.0,0.009769,-3.0329,0.073795
sneakers_nb550,sneakers,2022-01,52.2,0.0,0.0,-2.2065,0.083417
sneakers_nb550,sneakers,2022-02,50.8,0.0,0.0,-0.5446,0.051309
sneakers_nb550,sneakers,2022-03,60.2,0.0,0.0,-0.3237,0.064533
sneakers_nb550,sneakers,2022-04,68.8,0.0,0.0,-2.8346,0.06739
sneakers_nb550,sneakers,2022-05,55.6,0.0,0.0,-1.7502,-0.049398
sneakers_nb550,sneakers,2022-06,54.5,0.0,0.0,-0.3422,0.012203
sneakers_nb550,sneakers,2022-07,68.4,0.526316,0.005487,-0.3535,0.05859
sneakers_nb550,sneakers,2022-08,95.5,0.526316,0.003533,-2.1932,0.017753
sneakers_nb550,sneakers,2022-09,86.2,0.0,0.0,-2.0283,0.020818
sneakers_nb550,sneakers,2022-10,77.6,0.0,0.0,1.2475,0.047559
sneakers_nb550,sneakers,2022-11,83.2,0.0,0.0,-0.786,0.043297
sneakers_nb550,sneakers,2022-12,89.5,0.0,0.0,-0.0178,-0.016464
sneakers_nb550,sneakers,2023-01,79.2,0.0,0.0,-0.1523,0.026743
sneakers_nb550,sneakers,2023-02,75.8,0.0,0.0,-0.3885,0.049623
sneakers_nb550,sneakers,2023-03,80.8,0.0,0.0,-0.3891,-0.0005
sneakers_nb550,sneakers,2023-04,86.2,0.0,0.0,0.6842,0.006389
sneakers_nb550,sneakers,2023-05,72.2,0.0,0.0,0.9891,0.029947
sneakers_nb550,sneakers,2023-06,63.8,0.0,0.0,-0.1579,0.034281
sneakers_nb550,sneakers,2023-07,75.0,0.0,0.0,1.2549,0.029568
sneakers_nb550,sneakers,2023-08,83.0,0.0,0.0,0.2867,-0.003483
sneakers_nb550,sneakers,2023-09,70.0,0.0,0.0,1.201,0.027212
sneakers_nb550,sneakers,2023-10,60.2,0.0,0.0,0.8785,0.027719
sneakers_nb550,sneakers,2023-11,72.8,0.0,0.0,-0.0906,0.034693
sneakers_nb550,sneakers,2023-12,71.6,0.0,0.0,0.5934,-0.004215
sneakers_nb550,sneakers,2024-01,51.0,0.0,0.0,0.1843,0.041908
sneakers_nb550,sneakers,2024-02,47.8,0.894737,0.005454,0.9975,0.077564
sneakers_nb550,sneakers,2024-03,51.6,0.0,0.0,0.9391,0.014964
sneakers_nb550,sneakers,2024-04,48.0,0.0,0.0,0.3393,0.024359
sneakers_nb550,sneakers,2024-05,41.2,1.0,0.005907,0.0942,0.040748
sneakers_nb550,sneakers,2024-06,38.0,0.0,0.0,0.12,-0.003923
sneakers_nb550,sneakers,2024-07,44.2,0.0,0.0,0.1216,0.042547
sneakers_nb550,sneakers,2024-08,48.2,0.0,0.0,0.6091,-0.010744
sneakers_nb550,sneakers,2024-09,37.6,0.0,0.0,1.0307,0.048885
sneakers_nb550,sneakers,2024-10,29.8,0.0,0.0,0.6993,0.025492
sneakers_nb550,sneakers,2024-11,39.0,0.0,0.0,0.3994,0.093822
sneakers_nb550,sneakers,2024-12,38.4,0.0,0.0,0.7556,0.039982
sneakers_nb550,sneakers,2025-01,25.8,0.0,0.0,0.8861,0.055522
sneakers_nb550,sneakers,2025-02,25.0,0.0,0.0,0.1702,0.037662
sneakers_nb550,sneakers,2025-03,30.2,0.0,0.0,0.3201,0.026598
sneakers_nb550,sneakers,2025-04,26.0,0.0,0.0,1.0185,0.029354
sneakers_nb550,sneakers,2025-05,22.8,0.0,0.0,0.6745,0.042062
sneakers_nb550,sneakers,2025-06,21.2,0.0,0.0,0.5343,0.001933
sneakers_nb550,sneakers,2025-07,23.5,0.0,0.0,0.4915,0.06007
sneakers_nb550,sneakers,2025-08,25.4,0.0,0.0,0.7427,0.072365
sneakers_nb550,sneakers,2025-09,19.0,0.0,0.0,-0.3034,0.076297
sneakers_nb550,sneakers,2025-10,17.5,0.0,0.0,-0.0933,0.025388
sneakers_nb550,sneakers,2025-11,20.0,0.0,0.0,-1.1599,0.044377
sneakers_nb550,sneakers,2025-12,17.8,0.0,0.0,-2.1477,0.08922
cards_charizard1,cards,2022-01,48.8,0.380952,0.012761,-1.9546,0.121106
cards_charizard1,cards,2022-02,46.5,0.5,0.024459,-1.6752,0.059834
cards_charizard1,cards,2022-03,67.0,0.238095,0.011201,-1.387,0.048854
cards_charizard1,cards,2022-04,67.8,0.238095,0.010393,-0.3833,0.067789
cards_charizard1,cards,2022-05,67.6,0.238095,0.007458,-0.5494,0.046152
cards_charizard1,cards,2022-06,62.8,0.404762,0.012734,-0.4951,0.006675
cards_charizard1,cards,2022-07,56.6,0.761905,0.008988,0.9206,-0.010044
cards_charizard1,cards,2022-08,63.0,0.309524,0.011947,0.2352,0.034868
cards_charizard1,cards,2022-09,48.8,0.47619,0.013502,0.8991,0.026216
cards_charizard1,cards,2022-10,56.2,0.761905,0.021744,1.5504,0.015644
cards_charizard1,cards,2022-11,56.2,0.47619,0.011327,1.0341,0.02118
cards_charizard1,cards,2022-12,68.0,0.547619,0.036091,0.0554,0.019666
cards_charizard1,cards,2023-01,65.6,0.238095,0.012307,1.0085,0.023406
cards_charizard1,cards,2023-02,52.8,0.5,0.014254,0.1596,-0.014532
cards_charizard1,cards,2023-03,44.5,0.47619,0.011914,0.959,-0.002517
cards_charizard1,cards,2023-04,45.6,0.0,0.0,0.7229,0.01386
cards_charizard1,cards,2023-05,45.8,0.619048,0.009097,0.3378,0.033154
cards_charizard1,cards,2023-06,36.8,0.0,0.0,-1.9614,0.036683
cards_charizard1,cards,2023-07,36.6,1.0,0.024591,-0.6593,0.041024
cards_charizard1,cards,2023-08,24.2,0.0,0.0,-0.0722,0.07374
cards_charizard1,cards,2023-09,0.0,0.0,0.0,-0.0541,0.070803
cards_charizard1,cards,2023-10,28.0,0.928571,0.023969,0.3405,0.015294
cards_charizard1,cards,2023-11,16.2,0.785714,0.023414,-1.4993,0.019347
cards_charizard1,cards,2023-12,33.0,0.0,0.0,0.2422,0.006858
cards_charizard1,cards,2024-01,18.0,0.0,0.0,-0.5237,0.03107
cards_charizard1,cards,2024-02,16.8,0.0,0.0,-1.3229,0.041085
cards_charizard1,cards,2024-03,10.2,0.0,0.0,-0.4188,0.01623
cards_charizard1,cards,2024-04,17.8,0.0,0.0,-1.8445,0.021528
cards_charizard1,cards,2024-05,12.0,0.0,0.0,1.2303,0.182795
cards_charizard1,cards,2024-06,0.0,0.0,0.0,-0.1021,-0.019429
cards_charizard1,cards,2024-07,8.5,0.0,0.0,-0.4069,-0.002665
cards_charizard1,cards,2024-08,0.0,0.0,0.0,-0.2081,0.051577
cards_charizard1,cards,2024-09,7.8,0.0,0.0,0.028,0.03488
cards_charizard1,cards,2024-10,43.2,0.0,0.0,0.9788,0.009075
cards_charizard1,cards,2024-11,52.0,0.0,0.0,1.5517,0.032385
cards_charizard1,cards,2024-12,43.8,0.0,0.0,0.6946,0.005448
cards_charizard1,cards,2025-01,62.8,0.0,0.0,1.0135,-0.010675
cards_charizard1,cards,2025-02,75.2,0.0,0.0,1.3723,-0.01304
cards_charizard1,cards,2025-03,75.0,1.0,0.005184,0.948,0.009892
cards_charizard1,cards,2025-04,63.0,0.0,0.0,0.7503,-0.029205
cards_charizard1,cards,2025-05,47.2,0.0,0.0,0.8841,-0.048079
cards_charizard1,cards,2025-06,39.6,0.0,0.0,-0.4198,0.007648
cards_charizard1,cards,2025-07,56.2,0.0,0.0,0.8016,0.035711
cards_charizard1,cards,2025-08,83.4,0.0,0.0,0.4828,0.014999
cards_charizard1,cards,2025-09,62.2,0.0,0.0,-1.8714,0.039879
cards_charizard1,cards,2025-10,58.5,0.0,0.0,0.7122,0.035919
cards_charizard1,cards,2025-11,50.4,0.0,0.0,-1.6194,-0.001195
cards_charizard1,cards,2025-12,40.5,0.0,0.0,-0.4851,-0.044211
cards_charizard2,cards,2022-01,21.0,0.192308,0.00395,-0.4863,0.046759
cards_charizard2,cards,2022-02,36.2,0.0,0.0,-0.9559,0.089946
cards_charizard2,cards,2022-03,16.2,0.0,0.0,-0.7384,0.087891
cards_charizard2,cards,2022-04,40.2,0.0,0.0,0.1712,0.090727
cards_charizard2,cards,2022-05,38.6,0.0,0.0,0.0012,0.0868
cards_charizard2,cards,2022-06,19.8,0.0,0.0,0.1156,0.034971
cards_charizard2,cards,2022-07,21.2,0.25,0.003545,0.57,0.03458
cards_charizard2,cards,2022-08,23.5,0.0,0.0,0.4986,0.005664
cards_charizard2,cards,2022-09,18.2,0.0,0.0,0.7832,0.04044
cards_charizard2,cards,2022-10,33.0,0.0,0.0,1.0898,0.008457
cards_charizard2,cards,2022-11,19.8,0.0,0.0,0.7407,0.022418
cards_charizard2,cards,2022-12,22.2,0.0,0.0,0.3851,0.0199
cards_charizard2,cards,2023-01,31.0,0.0,0.0,0.8164,0.035552
cards_charizard2,cards,2023-02,18.0,0.0,0.0,0.4264,0.011058
cards_charizard2,cards,2023-03,29.2,0.0,0.0,0.7741,0.036668
cards_charizard2,cards,2023-04,6.0,0.0,0.0,0.687,0.010038
cards_charizard2,cards,2023-05,18.5,0.0,0.0,0.4827,0.086658
cards_charizard2,cards,2023-06,8.2,0.0,0.0,-1.0301,0.011344
cards_charizard2,cards,2023-07,7.8,0.0,0.0,0.0733,0.09177
cards_charizard2,cards,2023-08,9.0,0.0,0.0,0.1687,0.041594
cards_charizard2,cards,2023-09,0.0,0.0,0.0,0.1638,0.062318
cards_charizard2,cards,2023-10,16.6,0.365385,0.015415,0.3883,0.015123
cards_charizard2,cards,2023-11,14.5,0.326923,0.009146,-0.6468,-0.002723
cards_charizard2,cards,2023-12,17.6,0.0,0.0,0.595,-0.009796
cards_charizard2,cards,2024-01,18.0,0.0,0.0,-2.0096,0.003408
cards_charizard2,cards,2024-02,0.0,0.0,0.0,-0.2703,0.065973
cards_charizard2,cards,2024-03,13.2,0.0,0.0,-0.937,0.051331
cards_charizard2,cards,2024-04,0.0,0.0,0.0,-1.2106,0.042308
cards_charizard2,cards,2024-05,8.8,0.0,0.0,-4.3059,
cards_charizard2,cards,2024-06,9.2,0.0,0.0,-2.5084,
cards_charizard2,cards,2024-07,34.8,0.0,0.0,-0.0775,-0.004019
cards_charizard2,cards,2024-08,21.5,0.0,0.0,0.2491,0.053091
cards_charizard2,cards,2024-09,43.4,0.0,0.0,-0.2429,0.074679
cards_charizard2,cards,2024-10,52.5,0.0,0.0,0.75,0.015056
cards_charizard2,cards,2024-11,33.8,0.0,0.0,0.6151,0.02608
cards_charizard2,cards,2024-12,54.2,0.0,0.0,0.6537,-0.009527
cards_charizard2,cards,2025-01,65.5,0.0,0.0,0.8102,-0.006054
cards_charizard2,cards,2025-02,80.8,0.0,0.0,0.9803,-0.020514
cards_charizard2,cards,2025-03,70.4,0.0,0.0,0.1105,0.000282
cards_charizard2,cards,2025-04,61.5,0.0,0.0,0.62,-0.028738
cards_charizard2,cards,2025-05,50.2,0.0,0.0,0.7364,-0.042371
cards_charizard2,cards,2025-06,52.6,0.0,0.0,0.6075,-0.071208
cards_charizard2,cards,2025-07,52.8,0.0,0.0,0.73,0.009095
cards_charizard2,cards,2025-08,75.6,1.0,0.018098,0.5872,0.010415
cards_charizard2,cards,2025-09,74.2,0.0,0.0,-0.5977,0.044051
cards_charizard2,cards,2025-10,71.5,0.0,0.0,0.9092,0.036055
cards_charizard2,cards,2025-11,30.8,0.0,0.0,-0.1825,-0.011415
cards_charizard2,cards,2025-12,61.5,0.0,0.0,-1.0905,0.00618
cards_umbreon,cards,2022-01,20.8,0.0,0.0,-1.9895,0.074767
cards_umbreon,cards,2022-02,23.0,0.222222,0.015932,-0.901,0.078756
cards_umbreon,cards,2022-03,27.2,0.0,0.0,-0.5111,0.091047
cards_umbreon,cards,2022-04,30.5,0.654321,0.074045,-1.1987,0.049901
cards_umbreon,cards,2022-05,32.4,0.395062,0.033369,-1.42,0.059079
cards_umbreon,cards,2022-06,25.2,0.0,0.0,0.1009,0.0213
cards_umbreon,cards,2022-07,33.4,0.160494,0.012998,0.8767,0.043989
cards_umbreon,cards,2022-08,43.5,0.123457,0.017839,0.6198,0.015875
cards_umbreon,cards,2022-09,50.2,0.0,0.0,0.8192,0.063132
cards_umbreon,cards,2022-10,63.4,0.283951,0.039111,0.6264,0.020561
cards_umbreon,cards,2022-11,59.0,0.246914,0.021204,0.76,-0.003913
cards_umbreon,cards,2022-12,62.0,1.0,0.06436,0.6844,0.022002
cards_umbreon,cards,2023-01,60.8,0.481481,0.047291,1.1204,0.000358
cards_umbreon,cards,2023-02,61.5,0.135802,0.013016,0.5519,0.014705
cards_umbreon,cards,2023-03,54.2,0.0,0.0,1.1068,0.017758
cards_umbreon,cards,2023-04,57.4,0.740741,0.032209,1.0472,0.003962
cards_umbreon,cards,2023-05,58.0,0.0,0.0,0.5497,0.033687
cards_umbreon,cards,2023-06,44.2,0.407407,0.059137,-0.8298,0.080001
cards_umbreon,cards,2023-07,48.0,0.234568,0.022919,0.6089,0.046931
cards_umbreon,cards,2023-08,39.2,0.320988,0.025002,-0.2178,0.060671
cards_umbreon,cards,2023-09,37.8,0.0,0.0,-0.5334,0.081801
cards_umbreon,cards,2023-10,37.2,0.0,0.0,0.4878,0.012084
cards_umbreon,cards,2023-11,38.8,0.0,0.0,-1.4811,-0.005538
cards_umbreon,cards,2023-12,35.6,0.0,0.0,-0.2849,0.074649
cards_umbreon,cards,2024-01,32.5,0.0,0.0,-2.0551,-0.025667
cards_umbreon,cards,2024-02,33.5,0.0,0.0,0.429,0.049545
cards_umbreon,cards,2024-03,39.2,0.234568,0.014871,-2.5395,0.076157
cards_umbreon,cards,2024-04,48.2,0.0,0.0,-1.2421,0.024802
cards_umbreon,cards,2024-05,66.5,0.0,0.0,-0.6722,0.086951
cards_umbreon,cards,2024-06,52.4,0.209877,0.011435,0.3624,0.005941
cards_umbreon,cards,2024-07,43.0,0.0,0.0,-0.5223,0.004321
cards_umbreon,cards,2024-08,42.8,0.0,0.0,-1.4469,0.047725
cards_umbreon,cards,2024-09,44.0,0.283951,0.008418,-0.874,0.079545
cards_umbreon,cards,2024-10,55.5,0.0,0.0,1.2188,-0.016524
cards_umbreon,cards,2024-11,68.8,0.37037,0.012161,0.728,0.024024
cards_umbreon,cards,2024-12,74.0,0.0,0.0,0.8691,0.043559
cards_umbreon,cards,2025-01,93.2,0.197531,0.002977,1.0569,-0.007379
cards_umbreon,cards,2025-02,65.5,0.395062,0.009399,1.7039,-0.008168
cards_umbreon,cards,2025-03,58.4,0.0,0.0,1.1662,-0.013575
cards_umbreon,cards,2025-04,48.0,0.37037,0.012882,0.1864,-0.016117
cards_umbreon,cards,2025-05,45.0,0.679012,0.008735,0.3097,-0.010499
cards_umbreon,cards,2025-06,38.4,0.0,0.0,0.722,0.03888
cards_umbreon,cards,2025-07,39.5,0.0,0.0,0.9317,0.008663
cards_umbreon,cards,2025-08,38.8,0.0,0.0,0.3103,0.021982
cards_umbreon,cards,2025-09,45.2,0.0,0.0,0.2017,-0.000254
cards_umbreon,cards,2025-10,36.0,0.0,0.0,-0.0046,0.041022
cards_umbreon,cards,2025-11,29.2,0.0,0.0,-1.4935,0.076188
cards_umbreon,cards,2025-12,31.5,0.0,0.0,0.0611,-0.044081
cards_rayquaza,cards,2022-01,30.8,0.0,0.0,-1.3213,0.082569
cards_rayquaza,cards,2022-02,29.8,0.315789,0.015932,-1.579,0.082568
cards_rayquaza,cards,2022-03,28.2,0.0,0.0,-0.9459,0.085174
cards_rayquaza,cards,2022-04,16.0,0.578947,0.023912,-1.0411,0.083339
cards_rayquaza,cards,2022-05,11.6,0.280702,0.012675,-0.6364,0.06682
cards_rayquaza,cards,2022-06,20.0,0.0,0.0,0.1856,-0.011659
cards_rayquaza,cards,2022-07,31.4,0.22807,0.012998,-0.0651,0.058213
cards_rayquaza,cards,2022-08,32.5,0.175439,0.017839,0.7143,0.022676
cards_rayquaza,cards,2022-09,35.2,0.0,0.0,0.4407,0.040297
cards_rayquaza,cards,2022-10,39.6,0.22807,0.0149,0.8062,0.004375
cards_rayquaza,cards,2022-11,58.5,0.298246,0.01909,0.8851,0.001873
cards_rayquaza,cards,2022-12,65.0,0.789474,0.022753,0.8039,0.054277
cards_rayquaza,cards,2023-01,65.4,0.403509,0.039022,1.1429,0.016979
cards_rayquaza,cards,2023-02,65.5,0.754386,0.055253,0.4601,0.03822
cards_rayquaza,cards,2023-03,58.8,0.175439,0.012613,1.1471,0.009775
cards_rayquaza,cards,2023-04,51.8,0.350877,-0.001925,0.9683,0.019812
cards_rayquaza,cards,2023-05,41.8,0.0,0.0,0.6761,0.034467
cards_rayquaza,cards,2023-06,38.0,0.0,0.0,-0.3396,0.084482
cards_rayquaza,cards,2023-07,39.8,0.0,0.0,0.5001,0.048107
cards_rayquaza,cards,2023-08,33.5,0.0,0.0,0.2944,0.018946
cards_rayquaza,cards,2023-09,33.0,0.0,0.0,-0.9983,0.028995
cards_rayquaza,cards,2023-10,36.8,0.0,0.0,0.567,0.014624
cards_rayquaza,cards,2023-11,37.5,0.0,0.0,-0.4268,0.003022
cards_rayquaza,cards,2023-12,26.2,0.0,0.0,-0.0656,0.026733
cards_rayquaza,cards,2024-01,29.8,0.0,0.0,-2.8934,
cards_rayquaza,cards,2024-02,26.5,0.0,0.0,0.5141,0.044129
cards_rayquaza,cards,2024-03,31.0,0.333333,0.014871,-1.279,0.067776
cards_rayquaza,cards,2024-04,39.2,0.0,0.0,-1.5343,-0.015572
cards_rayquaza,cards,2024-05,52.5,0.0,0.0,-0.3046,0.054755
cards_rayquaza,cards,2024-06,48.6,0.0,0.0,-2.5231,0.034713
cards_rayquaza,cards,2024-07,37.5,0.0,0.0,0.1388,0.005668
cards_rayquaza,cards,2024-08,37.8,0.0,0.0,-0.0579,0.050183
cards_rayquaza,cards,2024-09,28.6,0.0,0.0,-0.0944,0.044317
cards_rayquaza,cards,2024-10,43.0,0.0,0.0,1.0516,-0.028232
cards_rayquaza,cards,2024-11,62.5,0.0,0.0,0.2085,0.008043
cards_rayquaza,cards,2024-12,71.2,0.0,0.0,0.8064,0.022314
cards_rayquaza,cards,2025-01,80.2,0.45614,0.008625,1.0225,-0.008904
cards_rayquaza,cards,2025-02,72.5,0.561404,0.009399,1.111,-0.010706
cards_rayquaza,cards,2025-03,71.4,0.45614,0.024182,1.1274,-0.001378
cards_rayquaza,cards,2025-04,58.0,0.0,0.0,0.6004,-0.039348
cards_rayquaza,cards,2025-05,47.0,0.0,0.0,0.3064,0.006413
cards_rayquaza,cards,2025-06,46.2,0.0,0.0,0.632,0.08798
cards_rayquaza,cards,2025-07,51.2,1.0,0.032807,1.0319,0.04744
cards_rayquaza,cards,2025-08,56.6,0.0,0.0,0.5143,0.00172
cards_rayquaza,cards,2025-09,46.5,0.0,0.0,0.351,-0.01741
cards_rayquaza,cards,2025-10,42.5,0.0,0.0,0.095,0.028853
cards_rayquaza,cards,2025-11,32.2,0.0,0.0,-0.7587,0.057235
cards_rayquaza,cards,2025-12,37.5,0.0,0.0,-2.2387,0.06054
cards_pikachu,cards,2022-01,50.8,0.0,0.0,-0.15,0.067335
cards_pikachu,cards,2022-02,45.5,0.0,0.0,0.1437,0.005999
cards_pikachu,cards,2022-03,44.5,0.0,0.0,-1.6236,0.110995
cards_pikachu,cards,2022-04,52.5,0.0,0.0,-1.2847,0.021304
cards_pikachu,cards,2022-05,48.8,0.0,0.0,-1.0463,0.093195
cards_pikachu,cards,2022-06,45.2,0.0,0.0,-0.6528,0.012773
cards_pikachu,cards,2022-07,39.6,0.0,0.0,0.7853,0.02742
cards_pikachu,cards,2022-08,42.5,0.6875,0.011102,0.7131,-0.003226
cards_pikachu,cards,2022-09,67.8,0.0,0.0,0.347,0.01733
cards_pikachu,cards,2022-10,66.6,0.0,0.0,1.3102,-0.010261
cards_pikachu,cards,2022-11,64.5,0.0,0.0,0.5927,-0.016355
cards_pikachu,cards,2022-12,73.0,0.0,0.0,0.3338,-0.022703
cards_pikachu,cards,2023-01,70.6,0.0,0.0,0.6549,-0.008981
cards_pikachu,cards,2023-02,73.8,0.1375,0.008641,0.7665,-0.021087
cards_pikachu,cards,2023-03,65.5,0.0,0.0,0.8816,-0.018499
cards_pikachu,cards,2023-04,56.8,0.0,0.0,0.5023,-0.025826
cards_pikachu,cards,2023-05,49.5,0.0,0.0,0.1836,0.04409
cards_pikachu,cards,2023-06,44.8,0.0,0.0,-0.1584,0.034158
cards_pikachu,cards,2023-07,42.2,0.0,0.0,0.0047,0.035759
cards_pikachu,cards,2023-08,37.5,0.0,0.0,-0.021,0.031022
cards_pikachu,cards,2023-09,38.5,0.4625,0.028034,-0.6694,0.02876
cards_pikachu,cards,2023-10,39.0,0.0,0.0,-0.3038,0.014422
cards_pikachu,cards,2023-11,44.0,1.0,0.05393,-1.4783,0.015572
cards_pikachu,cards,2023-12,39.6,0.2875,0.014689,-1.2561,0.055653
cards_pikachu,cards,2024-01,35.2,0.0,0.0,-3.0454,0.056675
cards_pikachu,cards,2024-02,31.8,0.0,0.0,0.306,0.017266
cards_pikachu,cards,2024-03,31.0,0.0,0.0,-0.4846,0.051675
cards_pikachu,cards,2024-04,29.0,0.0,0.0,-2.812,0.071703
cards_pikachu,cards,2024-05,33.2,0.3625,0.008314,-0.2604,0.029718
cards_pikachu,cards,2024-06,32.0,0.0,0.0,-0.1144,0.008711
cards_pikachu,cards,2024-07,31.5,0.4875,-0.001008,0.5031,0.014098
cards_pikachu,cards,2024-08,34.2,0.2375,0.010825,-1.0871,0.027928
cards_pikachu,cards,2024-09,33.8,0.2875,0.008418,-0.6315,0.062232
cards_pikachu,cards,2024-10,48.0,0.0,0.0,0.8418,0.021891
cards_pikachu,cards,2024-11,54.8,0.0,0.0,1.4766,0.001507
cards_pikachu,cards,2024-12,59.2,0.0,0.0,0.8699,0.014796
cards_pikachu,cards,2025-01,59.5,0.0,0.0,0.872,-0.008283
cards_pikachu,cards,2025-02,62.5,0.625,0.01521,1.3044,-0.035784
cards_pikachu,cards,2025-03,60.4,0.2875,0.008093,0.9529,0.016731
cards_pikachu,cards,2025-04,57.8,0.2125,0.007765,0.6841,-0.028735
cards_pikachu,cards,2025-05,50.5,0.3625,0.006819,0.8484,-0.021219
cards_pikachu,cards,2025-06,46.4,0.0,0.0,0.6012,0.011057
cards_pikachu,cards,2025-07,47.8,0.0,0.0,0.7623,-0.002129
cards_pikachu,cards,2025-08,48.4,0.0,0.0,0.7472,-0.032641
cards_pikachu,cards,2025-09,48.8,0.0,0.0,-0.0329,-0.012569
cards_pikachu,cards,2025-10,45.5,0.0,0.0,0.9041,-0.016848
cards_pikachu,cards,2025-11,41.8,0.0,0.0,-1.5158,0.017691
cards_pikachu,cards,2025-12,44.0,0.0,0.0,-0.265,-0.004603
lego_falcon,lego,2022-01,35.6,0.092742,0.004284,0.1322,0.070733
lego_falcon,lego,2022-02,26.8,0.0,0.0,-0.9782,0.016468
lego_falcon,lego,2022-03,23.2,0.0,0.0,0.5572,-0.01857
lego_falcon,lego,2022-04,30.0,0.0,0.0,0.2858,0.074213
lego_falcon,lego,2022-05,29.6,0.455645,0.015338,0.3999,0.107498
lego_falcon,lego,2022-06,28.0,0.040323,0.004327,0.4307,0.064711
lego_falcon,lego,2022-07,27.4,0.040323,0.004988,-0.5608,0.068499
lego_falcon,lego,2022-08,25.2,0.040323,0.005832,-0.2817,0.073297
lego_falcon,lego,2022-09,21.5,0.040323,0.021645,0.5637,0.126432
lego_falcon,lego,2022-10,22.8,0.040323,0.01065,0.3296,0.021514
lego_falcon,lego,2022-11,34.0,0.0,0.0,-2.3655,
lego_falcon,lego,2022-12,45.8,0.040323,0.000665,0.0398,-0.036998
lego_falcon,lego,2023-01,30.2,1.0,0.074461,-0.2,0.044492
lego_falcon,lego,2023-02,22.5,0.387097,0.040019,-0.057,-0.07178
lego_falcon,lego,2023-03,24.0,0.294355,0.026852,0.8875,0.030356
lego_falcon,lego,2023-04,29.4,0.0,0.0,0.3939,-0.012677
lego_falcon,lego,2023-05,25.2,0.33871,0.021161,0.9279,-0.030251
lego_falcon,lego,2023-06,20.8,0.0,0.0,0.6484,-0.000381
lego_falcon,lego,2023-07,24.2,0.0,0.0,0.8336,0.065005
lego_falcon,lego,2023-08,24.2,0.064516,0.004656,0.8062,0.033579
lego_falcon,lego,2023-09,27.0,0.080645,0.003546,0.6859,0.016625
lego_falcon,lego,2023-10,26.2,0.141129,-0.002784,0.4381,0.055876
lego_falcon,lego,2023-11,36.5,0.068548,0.017234,0.7674,0.031453
lego_falcon,lego,2023-12,50.8,0.0,0.0,-0.5619,0.118874
lego_falcon,lego,2024-01,35.2,0.0,0.0,0.6986,0.112318
lego_falcon,lego,2024-02,30.2,0.0,0.0,0.6009,0.158837
lego_falcon,lego,2024-03,29.4,0.0,0.0,0.8358,0.028361
lego_falcon,lego,2024-04,30.2,0.068548,0.00201,-2.3655,
lego_falcon,lego,2024-05,32.2,0.245968,0.004038,-0.2174,0.0105
lego_falcon,lego,2024-06,33.6,0.0,0.0,0.5448,-0.033788
lego_falcon,lego,2024-07,31.2,0.0,0.0,0.5717,0.034857
lego_falcon,lego,2024-08,32.2,0.092742,0.004888,-0.4714,0.027939
lego_falcon,lego,2024-09,31.8,0.0,0.0,0.2254,0.095934
lego_falcon,lego,2024-10,29.5,0.0,0.0,0.6705,0.031047
lego_falcon,lego,2024-11,43.0,0.092742,0.007262,-2.3655,
lego_falcon,lego,2024-12,66.2,0.0,0.0,-2.3655,
lego_falcon,lego,2025-01,34.8,0.0,0.0,-0.1431,-0.11813
lego_falcon,lego,2025-02,24.2,0.0,0.0,0.2171,0.033504
lego_falcon,lego,2025-03,23.4,0.064516,0.002072,-2.3655,
lego_falcon,lego,2025-04,25.0,0.068548,0.006336,0.8941,0.035466
lego_falcon,lego,2025-05,33.0,0.0,0.0,0.1495,0.163956
lego_falcon,lego,2025-06,32.0,0.0,0.0,0.6336,0.010509
lego_falcon,lego,2025-07,32.2,0.0,0.0,0.3968,0.055504
lego_falcon,lego,2025-08,34.8,0.193548,0.000832,-0.3143,-0.119735
lego_falcon,lego,2025-09,29.5,0.0,0.0,1.1055,0.048072
lego_falcon,lego,2025-10,30.5,0.076613,0.005907,0.928,-0.04917
lego_falcon,lego,2025-11,43.8,0.068548,0.010627,-2.3655,
lego_falcon,lego,2025-12,63.2,0.391129,0.011199,0.3786,0.014753
lego_hogwarts,lego,2022-01,26.0,0.0,0.0,-1.7166,
lego_hogwarts,lego,2022-02,14.8,0.0,0.0,0.4799,0.099607
lego_hogwarts,lego,2022-03,13.5,0.0,0.0,-1.7166,
lego_hogwarts,lego,2022-04,15.2,0.0,0.0,-0.2591,-0.210408
lego_hogwarts,lego,2022-05,13.6,0.316667,0.009136,0.2371,-0.0263
lego_hogwarts,lego,2022-06,15.0,0.0,0.0,0.113,-0.004062
lego_hogwarts,lego,2022-07,17.8,0.0,0.0,-0.5501,-0.240212
lego_hogwarts,lego,2022-08,18.2,0.0,0.0,0.6039,-0.055564
lego_hogwarts,lego,2022-09,14.5,0.0,0.0,-1.7166,
lego_hogwarts,lego,2022-10,16.0,0.0,0.0,-0.6423,
lego_hogwarts,lego,2022-11,23.0,0.0,0.0,0.5547,-0.041221
lego_hogwarts,lego,2022-12,28.8,0.0,0.0,-0.8115,
lego_hogwarts,lego,2023-01,21.6,0.0,0.0,-1.7166,
lego_hogwarts,lego,2023-02,19.8,0.0,0.0,-0.0222,0.077151
lego_hogwarts,lego,2023-03,13.8,0.166667,0.007246,-0.3033,0.006851
lego_hogwarts,lego,2023-04,13.8,0.0,0.0,-1.7166,
lego_hogwarts,lego,2023-05,17.2,0.383333,0.008485,0.7864,0.046402
lego_hogwarts,lego,2023-06,17.0,0.0,0.0,1.0656,0.020864
lego_hogwarts,lego,2023-07,23.8,0.0,0.0,-1.7166,
lego_hogwarts,lego,2023-08,23.8,0.0,0.0,0.9358,0.022447
lego_hogwarts,lego,2023-09,27.5,0.0,0.0,0.7947,0.092032
lego_hogwarts,lego,2023-10,25.8,0.433333,0.006066,0.5242,
lego_hogwarts,lego,2023-11,40.2,0.0,0.0,1.1014,
lego_hogwarts,lego,2023-12,54.8,0.0,0.0,0.4995,
lego_hogwarts,lego,2024-01,28.8,0.0,0.0,-1.7166,
lego_hogwarts,lego,2024-02,23.0,0.0,0.0,-1.7166,
lego_hogwarts,lego,2024-03,21.6,0.0,0.0,0.4934,
lego_hogwarts,lego,2024-04,18.0,1.0,0.059346,1.1361,0.09328
lego_hogwarts,lego,2024-05,20.0,0.0,0.0,0.7418,-0.00623
lego_hogwarts,lego,2024-06,19.4,0.0,0.0,-1.7166,
lego_hogwarts,lego,2024-07,19.8,0.0,0.0,0.7631,0.040704
lego_hogwarts,lego,2024-08,22.2,0.0,0.0,0.9713,0.106091
lego_hogwarts,lego,2024-09,22.6,0.283333,0.01402,0.774,0.045014
lego_hogwarts,lego,2024-10,27.2,0.316667,0.005126,0.7292,0.007247
lego_hogwarts,lego,2024-11,44.2,0.333333,0.012821,0.6708,0.128223
lego_hogwarts,lego,2024-12,65.0,0.266667,0.007973,0.4958,
lego_hogwarts,lego,2025-01,34.8,0.0,0.0,-0.0433,0.015077
lego_hogwarts,lego,2025-02,24.5,0.0,0.0,1.0335,-0.01474
lego_hogwarts,lego,2025-03,18.6,0.0,0.0,0.3608,
lego_hogwarts,lego,2025-04,18.2,0.0,0.0,-1.7166,
lego_hogwarts,lego,2025-05,18.5,0.0,0.0,-0.5014,
lego_hogwarts,lego,2025-06,21.4,0.0,0.0,1.5709,0.032097
lego_hogwarts,lego,2025-07,23.0,0.283333,0.009284,0.7564,0.152616
lego_hogwarts,lego,2025-08,29.0,0.383333,0.001819,0.3131,
lego_hogwarts,lego,2025-09,25.5,0.0,0.0,0.6627,-0.010378
lego_hogwarts,lego,2025-10,30.0,0.0,0.0,0.5094,-0.041604
lego_hogwarts,lego,2025-11,43.2,0.0,0.0,0.0754,0.201748
lego_hogwarts,lego,2025-12,65.2,0.0,0.0,0.5459,0.02389
lego_titanic,lego,2022-01,60.2,0.0,0.0,-2.766,0.057044
lego_titanic,lego,2022-02,37.5,0.0,0.0,-2.0193,0.041626
lego_titanic,lego,2022-03,27.5,0.0,0.0,-1.0754,-0.006881
lego_titanic,lego,2022-04,27.0,0.0,0.0,-0.2079,0.001127
lego_titanic,lego,2022-05,20.6,0.0,0.0,-0.0966,-0.050713
lego_titanic,lego,2022-06,21.8,0.0,0.0,0.4329,-0.019176
lego_titanic,lego,2022-07,17.6,0.0,0.0,-0.8528,0.001967
lego_titanic,lego,2022-08,19.5,0.208333,0.005832,-0.0698,0.017221
lego_titanic,lego,2022-09,19.5,0.0,0.0,-0.551,-0.008035
lego_titanic,lego,2022-10,23.2,0.0,0.0,-0.864,0.035325
lego_titanic,lego,2022-11,39.5,0.0,0.0,1.0935,0.009125
lego_titanic,lego,2022-12,33.0,0.0,0.0,-2.0917,-0.019122
lego_titanic,lego,2023-01,28.6,0.0,0.0,2.2012,-0.010566
lego_titanic,lego,2023-02,20.0,0.0,0.0,1.176,-0.00068
lego_titanic,lego,2023-03,15.5,0.0,0.0,-0.5592,-0.010118
lego_titanic,lego,2023-04,13.2,0.6875,-0.000798,0.7222,0.021834
lego_titanic,lego,2023-05,13.8,0.479167,0.008485,0.3817,0.032004
lego_titanic,lego,2023-06,12.8,0.0,0.0,0.7284,-0.003122
lego_titanic,lego,2023-07,16.4,0.0,0.0,1.1033,0.02423
lego_titanic,lego,2023-08,18.2,0.0,0.0,0.66,0.038565
lego_titanic,lego,2023-09,13.0,0.0,0.0,-0.763,0.005181
lego_titanic,lego,2023-10,14.0,0.333333,0.001338,0.4454,0.008562
lego_titanic,lego,2023-11,24.2,0.0,0.0,1.0979,0.024401
lego_titanic,lego,2023-12,33.6,0.0,0.0,0.1936,0.016696
lego_titanic,lego,2024-01,17.8,0.0,0.0,0.1847,0.069586
lego_titanic,lego,2024-02,14.8,0.0,0.0,0.5354,-0.023296
lego_titanic,lego,2024-03,7.0,0.0,0.0,-0.3018,0.007491
lego_titanic,lego,2024-04,2.5,0.354167,0.008807,2.1161,0.011786
lego_titanic,lego,2024-05,5.5,0.0,0.0,-0.2266,-0.007271
lego_titanic,lego,2024-06,0.0,0.0,0.0,-0.2353,-0.016525
lego_titanic,lego,2024-07,2.8,0.0,0.0,-0.162,0.005617
lego_titanic,lego,2024-08,2.5,0.0,0.0,0.5255,0.000732
lego_titanic,lego,2024-09,2.0,0.0,0.0,0.7282,-0.003046
lego_titanic,lego,2024-10,6.0,0.0,0.0,0.7844,0.014807
lego_titanic,lego,2024-11,15.0,0.0,0.0,-0.2117,0.00602
lego_titanic,lego,2024-12,21.6,0.0,0.0,-0.1519,-0.038473
lego_titanic,lego,2025-01,10.2,0.0,0.0,-0.4555,-0.027821
lego_titanic,lego,2025-02,12.8,0.0,0.0,0.6111,-0.033009
lego_titanic,lego,2025-03,3.0,0.0,0.0,1.0258,-0.003662
lego_titanic,lego,2025-04,7.8,0.0,0.0,1.6272,-0.037257
lego_titanic,lego,2025-05,0.0,0.0,0.0,-0.02,-0.006069
lego_titanic,lego,2025-06,4.4,0.0,0.0,-1.84,-0.003475
lego_titanic,lego,2025-07,3.2,0.0,0.0,-0.8619,-0.014116
lego_titanic,lego,2025-08,26.2,1.0,0.000832,-0.6078,-0.015179
lego_titanic,lego,2025-09,20.8,0.0,0.0,-0.1313,-0.03186
lego_titanic,lego,2025-10,25.5,0.0,0.0,-0.5824,-0.025891
lego_titanic,lego,2025-11,37.6,0.0,0.0,0.0074,-0.008778
lego_titanic,lego,2025-12,30.8,0.395833,-0.000872,-0.6774,0.006457
lego_porsche,lego,2022-01,22.4,0.0,0.0,-0.4196,
lego_porsche,lego,2022-02,13.8,0.0,0.0,1.3066,0.422541
lego_porsche,lego,2022-03,20.0,0.022472,0.005215,1.9371,
lego_porsche,lego,2022-04,0.0,0.0,0.0,-0.4196,
lego_porsche,lego,2022-05,0.0,0.0,0.0,1.1192,
lego_porsche,lego,2022-06,0.0,0.0,0.0,-0.4196,
lego_porsche,lego,2022-07,0.0,0.0,0.0,2.1128,0.139647
lego_porsche,lego,2022-08,11.5,0.022472,0.017727,-0.4196,
lego_porsche,lego,2022-09,0.0,0.0,0.0,-0.4196,
lego_porsche,lego,2022-10,7.6,0.0,0.0,-0.4196,
lego_porsche,lego,2022-11,33.5,0.0,0.0,2.1071,-0.051744
lego_porsche,lego,2022-12,50.0,0.022472,0.011415,-0.4196,
lego_porsche,lego,2023-01,10.6,0.0,0.0,-0.4196,
lego_porsche,lego,2023-02,0.0,0.0,0.0,2.3551,-0.1549
lego_porsche,lego,2023-03,9.8,0.044944,0.007345,-0.4196,
lego_porsche,lego,2023-04,7.2,0.0,0.0,-0.4196,
lego_porsche,lego,2023-05,0.0,0.0,0.0,-0.4196,
lego_porsche,lego,2023-06,0.0,0.0,0.0,-0.4196,
lego_porsche,lego,2023-07,8.6,0.0,0.0,4.0871,0.010473
lego_porsche,lego,2023-08,0.0,0.0,0.0,-0.4196,
lego_porsche,lego,2023-09,0.0,0.0,0.0,-0.4196,
lego_porsche,lego,2023-10,0.0,0.0,0.0,1.7583,0.077984
lego_porsche,lego,2023-11,43.0,0.0,0.0,-0.4196,
lego_porsche,lego,2023-12,67.2,0.0,0.0,-0.4196,
lego_porsche,lego,2024-01,17.2,0.0,0.0,-0.4196,
lego_porsche,lego,2024-02,0.0,0.0,0.0,-0.4196,
lego_porsche,lego,2024-03,9.6,0.0,0.0,-0.4196,
lego_porsche,lego,2024-04,0.0,0.0,0.0,-0.4196,
lego_porsche,lego,2024-05,12.2,0.0,0.0,-0.4196,
lego_porsche,lego,2024-06,0.0,0.0,0.0,-0.4196,
lego_porsche,lego,2024-07,0.0,0.0,0.0,-0.4196,
lego_porsche,lego,2024-08,0.0,0.0,0.0,-0.4196,
lego_porsche,lego,2024-09,9.0,0.0,0.0,-0.4196,
lego_porsche,lego,2024-10,13.2,1.0,0.004148,-0.4196,
lego_porsche,lego,2024-11,66.0,0.0,0.0,-0.4196,
lego_porsche,lego,2024-12,44.6,0.0,0.0,-0.4196,
lego_porsche,lego,2025-01,34.0,0.0,0.0,-0.4196,
lego_porsche,lego,2025-02,0.0,0.0,0.0,-0.4196,
lego_porsche,lego,2025-03,11.2,0.0,0.0,-0.4196,
lego_porsche,lego,2025-04,0.0,0.0,0.0,-0.4196,
lego_porsche,lego,2025-05,0.0,0.0,0.0,-0.4196,
lego_porsche,lego,2025-06,0.0,0.096629,0.038524,-0.4196,
lego_porsche,lego,2025-07,11.2,0.0,0.0,-0.4196,
lego_porsche,lego,2025-08,0.0,0.0,0.0,-0.4196,
lego_porsche,lego,2025-09,11.0,0.0,0.0,-0.4196,
lego_porsche,lego,2025-10,11.0,0.0,0.0,-0.4196,
lego_porsche,lego,2025-11,33.2,0.0,0.0,-0.4196,
lego_porsche,lego,2025-12,47.0,0.0,0.0,-0.4196,
lego_bugatti,lego,2022-01,16.4,0.0,0.0,0.0301,0.035916
lego_bugatti,lego,2022-02,10.8,0.0,0.0,0.6481,0.039565
lego_bugatti,lego,2022-03,22.0,0.5,0.005215,-0.1046,
lego_bugatti,lego,2022-04,0.0,0.0,0.0,-1.9495,
lego_bugatti,lego,2022-05,9.0,0.0,0.0,0.2021,0.168034
lego_bugatti,lego,2022-06,0.0,0.0,0.0,0.7612,0.097811
lego_bugatti,lego,2022-07,20.4,0.0,0.0,0.2392,0.051146
lego_bugatti,lego,2022-08,0.0,0.0,0.0,0.5163,0.073987
lego_bugatti,lego,2022-09,0.0,0.0,0.0,-0.3455,0.115204
lego_bugatti,lego,2022-10,9.2,0.5,0.011997,0.0578,0.114481
lego_bugatti,lego,2022-11,59.2,0.5,-0.000401,0.4803,0.120759
lego_bugatti,lego,2022-12,59.5,0.5,0.012515,-0.0881,0.08895
lego_bugatti,lego,2023-01,32.4,0.0,0.0,-0.7351,-0.024658
lego_bugatti,lego,2023-02,0.0,0.0,0.0,-0.2558,0.172725
lego_bugatti,lego,2023-03,0.0,0.0,0.0,0.1758,0.064889
lego_bugatti,lego,2023-04,0.0,0.0,0.0,0.0636,0.08531
lego_bugatti,lego,2023-05,11.0,0.0,0.0,-2.4561,
lego_bugatti,lego,2023-06,0.0,0.0,0.0,-0.0347,0.082853
lego_bugatti,lego,2023-07,24.8,0.0,0.0,0.0668,0.053621
lego_bugatti,lego,2023-08,0.0,0.0,0.0,-0.367,0.029323
lego_bugatti,lego,2023-09,0.0,0.0,0.0,0.3517,0.084163
lego_bugatti,lego,2023-10,0.0,0.0,0.0,0.6574,0.000464
lego_bugatti,lego,2023-11,0.0,0.0,0.0,-5.0933,
lego_bugatti,lego,2023-12,24.0,0.0,0.0,-1.1784,
lego_bugatti,lego,2024-01,0.0,0.0,0.0,-1.2302,0.039463
lego_bugatti,lego,2024-02,0.0,0.0,0.0,0.6418,0.077652
lego_bugatti,lego,2024-03,16.4,0.0,0.0,0.3394,0.046282
lego_bugatti,lego,2024-04,0.0,0.0,0.0,0.4678,0.097582
lego_bugatti,lego,2024-05,0.0,0.0,0.0,0.377,0.097558
lego_bugatti,lego,2024-06,0.0,0.0,0.0,0.5398,0.217416
lego_bugatti,lego,2024-07,0.0,0.0,0.0,0.7282,0.101586
lego_bugatti,lego,2024-08,0.0,0.0,0.0,0.4011,0.073862
lego_bugatti,lego,2024-09,0.0,1.0,0.008509,0.7823,-0.001265
lego_bugatti,lego,2024-10,13.8,0.0,0.0,0.7614,0.041471
lego_bugatti,lego,2024-11,31.0,0.0,0.0,0.3921,0.005228
lego_bugatti,lego,2024-12,41.6,0.0,0.0,0.3976,0.019639
lego_bugatti,lego,2025-01,14.8,0.0,0.0,0.383,0.053846
lego_bugatti,lego,2025-02,0.0,0.0,0.0,-0.1253,0.097699
lego_bugatti,lego,2025-03,0.0,0.0,0.0,0.4541,0.102983
lego_bugatti,lego,2025-04,0.0,0.0,0.0,0.3945,0.028347
lego_bugatti,lego,2025-05,0.0,0.0,0.0,0.4004,0.109137
lego_bugatti,lego,2025-06,0.0,0.0,0.0,0.8925,0.064868
lego_bugatti,lego,2025-07,13.8,0.0,0.0,-0.2437,0.024987
lego_bugatti,lego,2025-08,56.0,0.0,0.0,0.9799,0.001776
lego_bugatti,lego,2025-09,34.5,0.0,0.0,-0.1367,0.029032
lego_bugatti,lego,2025-10,49.2,0.0,0.0,0.5791,0.031899
lego_bugatti,lego,2025-11,18.8,0.0,0.0,0.0465,0.014436
lego_bugatti,lego,2025-12,66.0,0.0,0.0,0.135,0.078592
